enquiry_id,case_id,customer_id,query,answer,sources,escalated
ENQAE0CEFFF,CASE32D9FD31,CUST001,What is myntra return policy,"Based on the provided context, here is an overview of **Myntra's Return and Exchange Policy**:

* **Return & Exchange Window:** You can return or exchange items purchased on Myntra for any reason within the specified period mentioned on the specific product details page. The returns/replacement policy listed on the product page prevails over the general return policy.
* **Condition of Items:** 
  * Products must be unused, unwashed, and preserved in their original condition.
  * Original tags, packaging, and any Seal Tag (if received) must remain attached and intact.
* **Free Gifts/Offers:** If you return a main item that came with a free gift or offer, you must also return the free product.
* **Return Methods:**
  1. **Pick-Up:** Offered for free in most locations. Items are picked up from the original delivery address. A delivery agent may conduct a simple quality check at your doorstep, and upon acceptance/successful pick-up, your refund will be initiated.
  2. **Self-Ship:** If pick-up is not available in your location, you can ship the product yourself using a reliable courier (packed securely). Shipping costs will be reimbursed/credited (in the form of Myntra credits) once your return meets the policy requirements and you share a validated image/scan of the courier receipt.

**Important Notes:**
* **Mistaken Returns:** Myntra is not liable or accountable for extra or different products returned by mistake and is not responsible for delivering them back to you.
* **Policy Misuse:** Myntra reserves the right to restrict exchanges or returns if an account breaches or misuses the policy (such as under their Fair Usage Policy).",Myntra Policies.pdf (page 4); Myntra Policies.pdf (page 5); Myntra Policies.pdf (page 3); Myntra Policies.pdf (page 2); Flipkart_policy.docx,False
ENQ8AE9295B,CASE7C5176E9,CUST001,What is the email address for CUST003,,,True
ENQC45E2D28,CASE12CC5897,CUST001,What is myntra insider,"Based on the provided context, Myntra Insider is Myntra's loyalty program that is open to registered users on Myntra. 

Key details about the program include:
* **Joining:** It is a no-fee program, but a user must opt-in to join. To be eligible, you need to have shopped for Rs. 4,000 (net of returns) and made at least 2 orders in the last 12 months on Myntra.
* **Benefits:** Members receive benefits throughout the year, including exciting offers and early access to select sales (such as the End of Reason Sale and Big Fashion Festival).
* **Tiers:** As you level up through the program's tiers (such as Select, Elite, or Icon), you can unlock additional rewards and offers from partner brands across Dining, Travel, Hospitality, and more.",Myntra Policies.pdf (page 28); Myntra Policies.pdf (page 18); Myntra Policies.pdf (page 29),False
ENQC035333C,CASE1A75E3E2,CUST001,Please explain the Myntra return policy,"Based on the provided context, here is an overview of Myntra’s Return and Exchange Policy:

### **General Terms & Conditions**
* **Product Condition:** Items must be returned or exchanged unused, unwashed, and preserved in their original condition with all tags, packaging, and intact Seal Tags (if one was attached).
* **Product-Specific Policies:** Return policies are offered by respective sellers. The return/replacement policy stated on a product’s specific page prevails over the general returns policy.
* **Pickup Address:** Returns/exchanges are picked up from the same address where the product was originally delivered.
* **Free Gifts/Offers:** If you return a main item that came with a free gift or offer, you must return the free product as well.
* **Misused Accounts / Policy Breaches:** Myntra reserves the right to restrict returns or exchanges if a customer misuses or breaches the policy under their Fair Usage Policy.

---

### **How to Return an Item**
There are two ways to return a product:
1. **Pick Up (Free in most locations):**
   * Select the pickup option when submitting a return request via the App or Desktop. 
   * A delivery agent will conduct a simple quality check at your doorstep (""No Questions Asked Returns""). Upon acceptance, your refund is initiated immediately.
2. **Self-Ship (If pickup service is not available):**
   * Pack the items securely and use a reliable courier service. 
   * Share an image/scan of the courier receipt with Myntra. 
   * Once validated and verified against the return policy, your shipping costs will be reimbursed/credited (e.g., as Myntra credits).

---

### **Exchanges**
1. Generate an Exchange ID via the App/Website/M-site and note it down for reference.
2. Place the unused item in an unsealed packet with all original tags attached.
3. Hand over the original product to the delivery staff member when they deliver the exchange item at your address.
4. Track the status under the ""My Orders"" section.

---

### **Refunds & Platform Fees**
* **Refund Timelines:** Once initiated, refunds to Credit/Debit Cards, Net Banking, or Wallets take **7–10 days**. Refunds to PhonePe wallet balance are instant (which can later be transferred to a bank account via PhonePe support).
* **Platform Fee Refunds:** 
  * Platform charges are refunded only in the case of a **full order cancellation**.
  * Platform charges are **not refunded** for partial order returns/cancellations or for accounts that do not adhere to the Fair Usage Policy.

---

### **Important Note on Mistaken Returns**
Myntra is not liable or accountable for extra or incorrect products returned by mistake, and is not responsible for misplacement, replacement, or delivering those items back to you.",Myntra Policies.pdf (page 4); Myntra Policies.pdf (page 3); Myntra Policies.pdf (page 5); Flipkart_policy.docx; Myntra Policies.pdf (page 2),False
ENQ32F9FF11,CASE763B2CE7,CUST001,What is myntra return policy?,"Based on the provided information, Myntra's Return and Exchange Policy includes the following key details:

* **Return Window & Eligibility:** You can return or exchange items purchased on Myntra for any reason within the specified return/exchange period (which can be checked on the product details page).
* **Condition of the Product:** Products must be unused, unwashed, and preserved in their original condition with all tags, packaging, and seal tags (if provided) intact.
* **Items with Free Gifts:** If you return a main product that came with a free gift or offer, you must return the free product as well.
* **Return Methods:**
  1. **Pick Up:** Offered in most locations from the same address where the product was delivered. A delivery agent may perform a quality check at your doorstep before accepting the return and initiating the refund.
  2. **Self-Ship:** If pickup is unavailable at your location, you can self-ship the item securely using a reliable courier. Shipping costs will be reimbursed (in the form of Myntra credits) provided the return meets the policy and you share a scanned image of the courier receipt for validation.
* **Accidental Returns:** Myntra is not liable or accountable for extra or different products returned by mistake and will not be responsible for delivering them back to you.
* **Platform Fees:** Platform charges are non-refundable if you return an order or partially cancel it (platform charges are only refunded in the case of a full order cancellation). 
* **Fair Usage & Policy Breach:** Myntra reserves the right to restrict exchanges or returns if a customer breaches or misuses the policy or fails to adhere to the fair usage policy.",Myntra Policies.pdf (page 4); Myntra Policies.pdf (page 5); Myntra Policies.pdf (page 3); Myntra Policies.pdf (page 2); Flipkart_policy.docx,False
